capex,cash,category,cfo_conversion_pct,cost_of_sales,current_assets,current_liabilities,current_ratio_pct,debt_to_equity_pct,dso,free_cash_flow,gross_margin_pct,gross_profit,inventory,inventory_turnover,net_income,net_margin_pct,operating_cash_flow,operating_income,operating_margin_pct,period,profit_before_tax,quick_ratio_pct,receivables,report_code,revenue,revenue_growth_pct,roa_pct,roe_pct,total_assets,total_equity,total_liabilities,year
,571206000000,annual,67.45,5507377000000,4004531000000,3193745000000,125.39,228.81,87.78,71101000000,11.42,709677000000,1219871000000,4.51,105411000000,1.7,71101000000,232522000000,3.74,2023-11011,140047000000,87.19,1495144000000,11011,6217054000000,,1.66,5.47,6338428000000,1927668000000,4410760000000,2023
,377528000000,quarterly,-1538.04,1384091000000,3998674000000,3469063000000,115.27,250.74,373.94,-253515000000,11.65,182490000000,1235160000000,1.12,16483000000,1.05,-253515000000,65684000000,4.19,2023-11014,27472000000,79.66,1604963000000,11014,1566581000000,,0.26,0.93,6231861000000,1776797000000,4455064000000,2023
,632947000000,annual,1444.01,5992164000000,4741208000000,4408527000000,107.55,296.92,85.53,645935000000,11.43,773105000000,1413735000000,4.24,44732000000,0.66,645935000000,274534000000,4.06,2024-11011,109404000000,75.48,1585242000000,11011,6765269000000,8.82,0.61,2.43,7299077000000,1838907000000,5460170000000,2024
,391151000000,half_year,1045.75,1720410000000,4274239000000,3706121000000,115.33,254.39,313.78,256052000000,10.34,198434000000,1318501000000,1.3,24485000000,1.28,256052000000,81649000000,4.26,2024-11012,52145000000,79.75,1649559000000,11012,1918844000000,,0.36,1.28,6774475000000,1911587000000,4862888000000,2024
,408995000000,quarterly,693.76,1258741000000,3762239000000,3138688000000,119.87,223.68,383.29,113339000000,12.94,187099000000,1105753000000,1.14,16337000000,1.13,113339000000,72969000000,5.05,2024-11013,21154000000,84.64,1518292000000,11013,1445840000000,,0.27,0.87,6100584000000,1884777000000,4215807000000,2024
,334531000000,quarterly,1626.89,1531406000000,4159637000000,3681602000000,112.98,254.4,338.56,437146000000,11.44,197837000000,1245948000000,1.23,26870000000,1.55,437146000000,73419000000,4.25,2024-11014,36696000000,79.14,1603977000000,11014,1729243000000,10.38,0.4,1.42,6707849000000,1892746000000,4815103000000,2024
,880169000000,annual,724.94,6753502000000,5868067000000,5782136000000,101.49,317.46,71.04,729079000000,11.0,834658000000,1456629000000,4.64,100571000000,1.33,729079000000,279845000000,3.69,2025-11011,133648000000,76.29,1476976000000,11011,7588160000000,12.16,1.12,4.66,9003343000000,2156690000000,6846653000000,2025
,575534000000,half_year,742.66,1665822000000,4674822000000,4408892000000,106.03,300.96,291.57,298164000000,11.83,223610000000,1346323000000,1.24,40148000000,2.12,298164000000,82535000000,4.37,2025-11012,52069000000,75.5,1509312000000,11012,1889432000000,-1.53,0.54,2.18,7385420000000,1841932000000,5543488000000,2025
,677343000000,quarterly,-1968.56,1732482000000,5062930000000,4716083000000,107.35,322.77,341.0,-246424000000,10.87,211201000000,1375448000000,1.26,12518000000,0.64,-246424000000,83067000000,4.27,2025-11013,33230000000,78.19,1815881000000,11013,1943683000000,34.43,0.16,0.69,7707306000000,1823031000000,5884275000000,2025
,697483000000,quarterly,1507.47,1667851000000,5204790000000,4838278000000,107.58,301.06,294.65,681753000000,11.61,219003000000,1381158000000,1.21,45225000000,2.4,681753000000,80230000000,4.25,2025-11014,41832000000,79.03,1523195000000,11014,1886854000000,9.11,0.56,2.24,8102896000000,2020345000000,6082551000000,2025
,979582000000,half_year,-3326.33,2151517000000,7208792000000,7173483000000,100.49,373.78,264.08,-704150000000,13.23,327959000000,2114873000000,1.02,21169000000,0.85,-704150000000,141323000000,5.7,2026-11012,61794000000,71.01,1793927000000,11012,2479476000000,31.23,0.2,0.96,10483786000000,2212814000000,8270972000000,2026
,779571000000,quarterly,-2358.63,1786586000000,6431675000000,6402753000000,100.45,349.91,288.05,-689758000000,12.58,257123000000,1773972000000,1.01,29244000000,1.43,-689758000000,97080000000,4.75,2026-11013,38581000000,72.75,1612861000000,11013,2043709000000,5.15,0.3,1.36,9639795000000,2142593000000,7497202000000,2026
